<Page xmlns="http://schemas.nativescript.org/tns.xsd" 
      navigatingTo="onNavigatingTo"
      loaded="onLoaded">
    <ActionBar title="Recipe Suggestions" class="action-bar">
        <NavigationButton text="Back" />
    </ActionBar>

    <GridLayout rows="auto,*" class="page">
        <!-- Use standard layouts instead of custom components for now -->
        <GridLayout row="0" rows="auto" columns="auto,auto,auto" class="filters-section">
            <Button col="0" text="Vegan" tap="{{ toggleVegan }}" 
                    class="{{ isVegan ? 'filter-active' : 'filter-inactive' }}" />
            <Button col="1" text="Quick" tap="{{ toggleQuick }}" 
                    class="{{ isQuick ? 'filter-active' : 'filter-inactive' }}" />
            <Button col="2" text="Budget" tap="{{ toggleLowBudget }}" 
                    class="{{ isLowBudget ? 'filter-active' : 'filter-inactive' }}" />
        </GridLayout>
        
        <ListView items="{{ recipes }}" row="1">
            <ListView.itemTemplate>
                <GridLayout columns="auto,*" class="recipe-card">
                    <Image col="0" src="{{ image }}" class="recipe-image" />
                    <StackLayout col="1" class="recipe-details">
                        <Label text="{{ title }}" class="recipe-title" />
                        <Label text="{{ prepTime }}" class="recipe-time" />
                        <FlexboxLayout class="recipe-tags">
                            <Label text="🌱" class="recipe-tag" visibility="{{ isVegan ? 'visible' : 'collapsed' }}" />
                            <Label text="⚡" class="recipe-tag" visibility="{{ isQuick ? 'visible' : 'collapsed' }}" />
                            <Label text="💰" class="recipe-tag" visibility="{{ isLowBudget ? 'visible' : 'collapsed' }}" />
                        </FlexboxLayout>
                    </StackLayout>
                </GridLayout>
            </ListView.itemTemplate>
        </ListView>
    </GridLayout>
</Page>