<GridLayout columns="auto,*" class="recipe-card">
    <Image col="0" src="{{ image }}" class="recipe-image" />
    <StackLayout col="1" class="recipe-details">
        <Label text="{{ title }}" class="recipe-title" />
        <Label text="{{ prepTime }}" class="recipe-time" />
        <FlexboxLayout class="recipe-tags">
            <Label text="🌱" class="recipe-tag" visibility="{{ isVegan ? 'visible' : 'collapsed' }}" />
            <Label text="⚡" class="recipe-tag" visibility="{{ isQuick ? 'visible' : 'collapsed' }}" />
            <Label text="💰" class="recipe-tag" visibility="{{ isLowBudget ? 'visible' : 'collapsed' }}" />
        </FlexboxLayout>
    </StackLayout>
</GridLayout>