<GridLayout columns="*,*,*,*" class="bottom-nav">
    <StackLayout col="0" class="nav-item" tap="{{ onNavigateToHome }}">
        <Label text="🏠" class="nav-icon" />
        <Label text="Home" class="nav-label" />
    </StackLayout>
    <StackLayout col="1" class="nav-item" tap="{{ onNavigateToShoppingList }}">
        <Label text="🛒" class="nav-icon" />
        <Label text="Shopping" class="nav-label" />
    </StackLayout>
    <StackLayout col="2" class="nav-item" tap="{{ onNavigateToProfile }}">
        <Label text="👤" class="nav-icon" />
        <Label text="Profile" class="nav-label" />
    </StackLayout>
    <StackLayout col="3" class="nav-item" tap="{{ onNavigateToSettings }}">
        <Label text="⚙️" class="nav-icon" />
        <Label text="Settings" class="nav-label" />
    </StackLayout>
</GridLayout>